model,rmse_test,rmse_train
LinearRegression,16.97084156936371,16.63488559281818
ElasticNet,16.97104946362114,16.63489941289275
KNeighborsRegressor,15.71534362407155,1.5439116026856632
RandomForestRegressor,9.83973878183564,3.80122008290703
DecisionTreeRegressor,12.967842390686709,1.0805400730355519
XGBRegressor,11.153442124487407,7.636570223825932
XGB Grid,9.674704503565655,3.4221354335342555
